{"cameraMode":{"drawMode":0,"name":"Shaded","section":"Shading Mode"},"sceneLighting":false,"audioPlay":false,"sceneViewState":{"m_AlwaysRefresh":false,"showFog":false,"showSkybox":false,"showFlares":true,"showImageEffects":true,"showParticleSystems":true,"showVisualEffectGraphs":true,"m_FxEnabled":true},"in2DMode":false,"pivot":{"x":0.023827075958251954,"y":3.281024932861328,"z":1.1920928955078126e-7},"rotation":{"x":0.1463862806558609,"y":0.03796789050102234,"z":-0.005473658442497253,"w":0.9886296391487122},"size":3.9040005207061769,"orthographic":false}