{"cameraMode":{"drawMode":0,"name":"Shaded","section":"Shading Mode"},"sceneLighting":true,"audioPlay":false,"sceneViewState":{"m_AlwaysRefresh":false,"showFog":true,"showSkybox":true,"showFlares":true,"showImageEffects":true,"showParticleSystems":true,"showVisualEffectGraphs":true,"m_FxEnabled":true},"in2DMode":false,"pivot":{"x":1.935917854309082,"y":0.2778034210205078,"z":-11.029752731323243},"rotation":{"x":0.2248425930738449,"y":0.18414540588855744,"z":-0.043263353407382968,"w":0.9559400081634522},"size":12.12435531616211,"orthographic":false}